{"cameraMode":{"drawMode":0,"name":"Shaded","section":"Shading Mode"},"sceneLighting":false,"audioPlay":false,"sceneViewState":{"showFog":true,"showMaterialUpdate":false,"showSkybox":false,"showFlares":true,"showImageEffects":true,"showParticleSystems":true},"in2DMode":false,"pivot":{"x":0.0,"y":-0.000015676021575927734,"z":-0.023012638092041017},"rotation":{"x":0.6800869703292847,"y":0.004398693330585957,"z":-0.004080571234226227,"w":0.7331066727638245},"size":25.986316680908204,"orthographic":false}